{"TiempoSleep": 5, "MaxIteraciones": 5}
{"Iteracion": 0, "PuntosX": [1.8238606452941895, 1.8136903047561646, 1.8080048561096191, 1.8177769184112549, 1.8275930881500244, 1.8506733179092407, 1.883468747138977, 1.8368273973464966, 1.827844262123108, 1.8237546682357788, 1.8337047100067139, 1.8437175750732422, 1.8729403018951416, 1.6993064880371094, 1.650672435760498, 1.6232830286026, 1.6019004583358765, 1.5850521326065063, 1.5701653957366943, 1.559155821800232, 1.5482944250106812, 1.5392483472824097, 1.532251238822937, 1.5253111124038696, 1.5188325643539429, 1.514887809753418, 1.5109562873840332, 1.5070396661758423, 1.504496455192566, 1.5032049417495728, 1.5019127130508423, 1.5006208419799805, 1.5014568567276, 1.502797245979309, 1.504143238067627, 1.5061659812927246, 1.510506272315979, 1.5148847103118896, 1.519303560256958, 1.5274701118469238, 1.5358607769012451, 1.5455790758132935, 1.5599418878555298, 1.5753191709518433, 1.6008363962173462, 1.6436944007873535, 1.1380598545074463, 1.1152757406234741, 1.0993995666503906, 1.0958439111709595, 1.0922927856445312, 1.0887444019317627, 1.085071325302124, 1.0883052349090576, 1.093593955039978, 1.0989679098129272, 1.1044299602508545, 1.137721300125122, 1.003915786743164, 0.9873188734054565, 0.9711410999298096, 0.9672240614891052, 0.9639793634414673, 0.9607294201850891, 0.9574751853942871, 0.9553206562995911, 0.9610722661018372, 0.966945469379425, 0.9729448556900024, 1.020054817199707], "PuntosY": [-0.7184375524520874, -0.6962103843688965, -0.6759849786758423, -0.6616165637969971, -0.6471843123435974, -0.6372377276420593, -0.6301996111869812, -0.5440931916236877, -0.5241257548332214, -0.5057716965675354, -0.49133962392807007, -0.4768175482749939, -0.4669763743877411, -0.044497862458229065, -0.028812792152166367, -0.014166180975735188, 6.106529326643795e-08, 0.013832523487508297, 0.027407364919781685, 0.0408279150724411, 0.054067738354206085, 0.06720518320798874, 0.08030185103416443, 0.09329215437173843, 0.10620702058076859, 0.11922433972358704, 0.13219162821769714, 0.1451113522052765, 0.15812905132770538, 0.1712685525417328, 0.18441182374954224, 0.1975606232881546, 0.2110159695148468, 0.22459451854228973, 0.2382328361272812, 0.25204572081565857, 0.2663429379463196, 0.2807672619819641, 0.2953227460384369, 0.3107672929763794, 0.32645735144615173, 0.3426467478275299, 0.3601408302783966, 0.37820059061050415, 0.3991333246231079, 0.4250883162021637, 0.3156118392944336, 0.3198001980781555, 0.32565703988075256, 0.3350330591201782, 0.344398558139801, 0.3537544906139374, 0.3630598187446594, 0.37473344802856445, 0.38726186752319336, 0.39999160170555115, 0.4129294157028198, 0.4367302358150482, 0.42613697052001953, 0.429298460483551, 0.43237990140914917, 0.44078946113586426, 0.44951102137565613, 0.45824456214904785, 0.4669919013977051, 0.4763053357601166, 0.48969095945358276, 0.5033599734306335, 0.517323911190033, 0.5538447499275208]}
{"Iteracion": 1, "PuntosX": [1.8239868879318237, 1.8138141632080078, 1.8078978061676025, 1.817668080329895, 1.8274813890457153, 1.850354790687561, 1.8831380605697632, 1.8368961811065674, 1.8279105424880981, 1.8236520290374756, 1.8336007595062256, 1.8436110019683838, 1.8725788593292236, 1.7000750303268433, 1.651068925857544, 1.623669147491455, 1.6021384000778198, 1.5852845907211304, 1.5703129768371582, 1.5593005418777466, 1.5484371185302734, 1.539332628250122, 1.5323336124420166, 1.5253914594650269, 1.5188674926757812, 1.5149204730987549, 1.510988473892212, 1.5070708990097046, 1.504485845565796, 1.5031932592391968, 1.5019001960754395, 1.5006070137023926, 1.5014017820358276, 1.5027403831481934, 1.5040854215621948, 1.5060607194900513, 1.510399580001831, 1.5147768259048462, 1.5191938877105713, 1.5272992849349976, 1.53568696975708, 1.5453171730041504, 1.5596753358840942, 1.5748928785324097, 1.6003974676132202, 1.642821192741394, 1.1382474899291992, 1.115455985069275, 1.0993735790252686, 1.095816969871521, 1.0922646522521973, 1.08871591091156, 1.085052728652954, 1.0881985425949097, 1.0934855937957764, 1.0988572835922241, 1.1043167114257812, 1.1371983289718628, 1.0040158033370972, 0.9874148964881897, 0.9712343215942383, 0.9672011733055115, 0.9639559388160706, 0.9607058167457581, 0.9574506282806396, 0.9552121162414551, 0.960960865020752, 0.966831624507904, 0.9728286266326904, 1.0181012153625488], "PuntosY": [-0.7184873223304749, -0.6962579488754272, -0.6759451627731323, -0.6615769267082214, -0.6471449136734009, -0.6371279954910278, -0.6300892233848572, -0.5441133379936218, -0.5241448879241943, -0.5057433247566223, -0.4913118779659271, -0.47679007053375244, -0.46688634157180786, -0.04451799392700195, -0.028819555416703224, -0.014169536530971527, 3.4902768675237894e-08, 0.0138345742598176, 0.02740987204015255, 0.040831808000802994, 0.05407273769378662, 0.06720878928899765, 0.08030621707439423, 0.09329719096422195, 0.10620947927236557, 0.1192268505692482, 0.13219447433948517, 0.14511434733867645, 0.15812788903713226, 0.17126722633838654, 0.18441027402877808, 0.19755882024765015, 0.2110082507133484, 0.2245860993862152, 0.23822373151779175, 0.25202807784080505, 0.2663242220878601, 0.28074729442596436, 0.29530149698257446, 0.31073257327079773, 0.3264204263687134, 0.34258875250816345, 0.36007943749427795, 0.3780982494354248, 0.3990239202976227, 0.4248623251914978, 0.3156639039516449, 0.31985196471214294, 0.3256493806838989, 0.3350249230861664, 0.34438976645469666, 0.35374537110328674, 0.36305373907089233, 0.3746967911720276, 0.3872235119342804, 0.3999512493610382, 0.4128870964050293, 0.43652957677841187, 0.4261793792247772, 0.4293401837348938, 0.43242138624191284, 0.44077908992767334, 0.4494999349117279, 0.4582332968711853, 0.46697989106178284, 0.47625118494033813, 0.48963406682014465, 0.5033009052276611, 0.5172621011734009, 0.5527839660644531]}
{"Iteracion": 2, "PuntosX": [1.9506295919418335, 1.9307143688201904, 1.920143961906433, 1.921722650527954, 1.923257827758789, 1.9433422088623047, 1.8765820264816284, 1.8588778972625732, 1.8514697551727295, 1.8531708717346191, 1.854880452156067, 1.882554531097412, 1.4914442300796509, 1.4513230323791504, 1.4209468364715576, 1.3989297151565552, 1.377383828163147, 1.360487461090088, 1.344307780265808, 1.3286138772964478, 1.3160227537155151, 1.3035399913787842, 1.2911608219146729, 1.2808152437210083, 1.271054744720459, 1.2613322734832764, 1.252018928527832, 1.2445281744003296, 1.2370376586914062, 1.229546070098877, 1.2230167388916016, 1.217639446258545, 1.2122410535812378, 1.20681893825531, 1.2033579349517822, 1.2002307176589966, 1.1970762014389038, 1.1955302953720093, 1.19525945186615, 1.1949862241744995, 1.1979329586029053, 1.2019670009613037, 1.21036696434021, 1.2232376337051392, 0.8510538935661316, 0.8284217715263367, 0.8132144212722778, 0.8055894374847412, 0.797975480556488], "PuntosY": [0.23950712382793427, 0.2541835308074951, 0.2698586583137512, 0.28720343112945557, 0.30461394786834717, 0.32520395517349243, 0.3988800048828125, 0.41210344433784485, 0.42744559049606323, 0.44490689039230347, 0.4624737799167633, 0.4868616759777069, 0.7599290013313293, 0.7555109858512878, 0.7555308938026428, 0.7595568895339966, 0.763496458530426, 0.7697268724441528, 0.7761363983154297, 0.7826132774353027, 0.7907462120056152, 0.7988103032112122, 0.806806743144989, 0.8159693479537964, 0.825432538986206, 0.8348576426506042, 0.8444973826408386, 0.8553404808044434, 0.8661830425262451, 0.8770266771316528, 0.8885736465454102, 0.9010058045387268, 0.9134892225265503, 0.9260247349739075, 0.940166175365448, 0.954706609249115, 0.969373345375061, 0.9855191707611084, 1.0029419660568237, 1.020614743232727, 1.0413471460342407, 1.0634105205535889, 1.0898191928863525, 1.1208909749984741, 0.8076198697090149, 0.7999976277351379, 0.7991434931755066, 0.8055893778800964, 0.8120257258415222]}
{"Iteracion": 3,