{"TiempoSleep": 5, "MaxIteraciones": 5}
{"Iteracion": 0, "PuntosX": [1.817827582359314, 1.8099567890167236, 1.8197323083877563, 1.8295512199401855, 1.850498080253601, 1.8832656145095825, 1.8405734300613403, 1.831562876701355, 1.8258432149887085, 1.835790753364563, 1.8458073139190674, 1.8727771043777466, 1.707018494606018, 1.654979944229126, 1.6274957656860352, 1.605563998222351, 1.5886647701263428, 1.5734812021255493, 1.5624412298202515, 1.5515486001968384, 1.5423214435577393, 1.535304307937622, 1.5283446311950684, 1.521742582321167, 1.517783761024475, 1.5138405561447144, 1.5099108219146729, 1.5072810649871826, 1.505982756614685, 1.504683256149292, 1.503383755683899, 1.5041570663452148, 1.505494236946106, 1.5068374872207642, 1.50881028175354, 1.513152003288269, 1.5175321102142334, 1.5219528675079346, 1.5300836563110352, 1.5384804010391235, 1.548169493675232, 1.5625437498092651, 1.5778939723968506, 1.6034255027770996, 1.6462219953536987, 1.1400271654129028, 1.1171880960464478, 1.1019587516784668, 1.0983914136886597, 1.094828486442566, 1.09126877784729, 1.087585687637329, 1.091325283050537, 1.096622347831726, 1.102004051208496, 1.1074737310409546, 1.1426838636398315, 1.0052558183670044, 0.9886285662651062, 0.9730783700942993, 0.9696592092514038, 0.9664031863212585, 0.9631423354148865, 0.9598766565322876, 0.9586284160614014, 0.9643918871879578, 0.9702773094177246, 0.9762894511222839], "PuntosY": [-0.6977986097335815, -0.6767149567604065, -0.6623283624649048, -0.6478778123855591, -0.637177586555481, -0.6301319003105164, -0.5452028512954712, -0.5251920819282532, -0.5063509941101074, -0.491898775100708, -0.4773581624031067, -0.4669356942176819, -0.04469972848892212, -0.02888791263103485, -0.014202799648046494, 2.8752765501849353e-08, 0.013864069245755672, 0.027465203776955605, 0.040913984179496765, 0.0541812889277935, 0.06733932346105576, 0.08046186715364456, 0.09347771853208542, 0.10641052573919296, 0.11945222318172455, 0.13244396448135376, 0.14538781344890594, 0.15842171013355255, 0.17158496379852295, 0.1847519427537918, 0.19792433083057404, 0.21139559149742126, 0.22499758005142212, 0.2386595457792282, 0.2524881958961487, 0.26680949330329895, 0.28125783801078796, 0.29583773016929626, 0.31129908561706543, 0.32701411843299866, 0.34322091937065125, 0.36074158549308777, 0.3788187801837921, 0.39977893233299255, 0.42574185132980347, 0.3161574602127075, 0.3203485310077667, 0.326415091753006, 0.33581194281578064, 0.3451980650424957, 0.35457471013069153, 0.36390113830566406, 0.3757733404636383, 0.3883343040943146, 0.4010966718196869, 0.41406744718551636, 0.4386352002620697, 0.4267056882381439, 0.4298679530620575, 0.4332424998283386, 0.4418991506099701, 0.45064133405685425, 0.4593954086303711, 0.46816322207450867, 0.47795453667640686, 0.49138233065605164, 0.5050944685935974, 0.5191023349761963]}
