{"TiempoSleep": 5, "MaxIteraciones": 5}
{"Iteracion": 0, "PuntosX": [1.8239829540252686, 1.8138091564178467, 1.8079167604446411, 1.8176871538162231, 1.8275004625320435, 1.8503644466400146, 1.8831486701965332, 1.8369128704071045, 1.827927589416504, 1.823655366897583, 1.833604097366333, 1.843615174293518, 1.8725651502609253, 1.7000317573547363, 1.6510354280471802, 1.6236356496810913, 1.602108120918274, 1.58525550365448, 1.5702849626541138, 1.5592732429504395, 1.5484094619750977, 1.5393054485321045, 1.5323071479797363, 1.525366187095642, 1.5188419818878174, 1.514894962310791, 1.5109636783599854, 1.5070459842681885, 1.5044604539871216, 1.503167986869812, 1.5018757581710815, 1.5005826950073242, 1.501376986503601, 1.5027154684066772, 1.5040611028671265, 1.5060359239578247, 1.5103747844696045, 1.5147517919540405, 1.5191686153411865, 1.5272736549377441, 1.5356616973876953, 1.5452907085418701, 1.559648871421814, 1.5748645067214966, 1.6003692150115967, 1.6427885293960571, 1.138261079788208, 1.1154694557189941, 1.0993725061416626, 1.095815896987915, 1.0922634601593018, 1.0887147188186646, 1.0850480794906616, 1.0881766080856323, 1.09346342086792, 1.0988348722457886, 1.1042948961257935, 1.1371495723724365, 1.0040377378463745, 0.9874365329742432, 0.9712547063827515, 0.9671902656555176, 0.9639443755149841, 0.9606946706771851, 0.9574394226074219, 0.9551794528961182, 0.9609280228614807, 0.9667982459068298, 0.972795307636261, 1.017829179763794], "PuntosY": [-0.7184858322143555, -0.6962560415267944, -0.6759520769119263, -0.6615838408470154, -0.64715176820755, -0.63713139295578, -0.6300927996635437, -0.5441184639930725, -0.5241496562957764, -0.505744218826294, -0.4913126826286316, -0.4767913818359375, -0.4668828845024109, -0.04451684281229973, -0.028819046914577484, -0.014169272966682911, -4.413595888763666e-08, 0.01383433397859335, 0.02740948460996151, 0.04083102196455002, 0.05407169833779335, 0.0672076866030693, 0.08030487596988678, 0.09329550713300705, 0.10620767623186111, 0.1192249208688736, 0.1321922391653061, 0.14511197805404663, 0.15812525153160095, 0.1712643802165985, 0.18440723419189453, 0.1975555419921875, 0.21100474894046783, 0.2245822548866272, 0.23821985721588135, 0.2520238757133484, 0.26631972193717957, 0.2807425856590271, 0.29529649019241333, 0.31072723865509033, 0.3264150023460388, 0.3425828218460083, 0.3600732088088989, 0.37809136509895325, 0.3990168571472168, 0.4248538613319397, 0.31566768884658813, 0.3198556900024414, 0.32564887404441833, 0.33502450585365295, 0.344389408826828, 0.3537449538707733, 0.36305204033851624, 0.3746890425682068, 0.3872155547142029, 0.39994314312934875, 0.4128788411617279, 0.43651074171066284, 0.4261886775493622, 0.4293496906757355, 0.43243059515953064, 0.4407740831375122, 0.44949471950531006, 0.4582279622554779, 0.4669743776321411, 0.47623488306999207, 0.4896175265312195, 0.5032834410667419, 0.5172444581985474, 0.5526362061500549]}
