{"TiempoSleep": 5, "MaxIteraciones": 60}
{"Iteracion": 0, "PuntosX": [2.7139053344726562, 2.7031049728393555, 2.7033231258392334, 2.7112579345703125], "PuntosY": [-0.0947716012597084, -0.07078348100185394, 0.07078905403614044, 0.09467919170856476]}
{"Iteracion": 1, "PuntosX": [2.715357780456543, 2.7035884857177734, 2.70395565032959, 2.7112207412719727], "PuntosY": [-0.0948224663734436, -0.070795938372612, 0.07080549746751785, 0.09467806667089462]}
{"Iteracion": 2, "PuntosX": [2.7164664268493652, 2.7040257453918457, 2.7044944763183594, 2.711306571960449], "PuntosY": [-0.09486107528209686, -0.07080734521150589, 0.07081975787878036, 0.09468096494674683]}
{"Iteracion": 3, "PuntosX": [2.780757427215576, 2.7847979068756104, 2.7817602157592773, 2.782928705215454], "PuntosY": [0.24328474700450897, 0.2681453227996826, 0.3909507393836975, 0.4159115254878998]}
{"Iteracion": 4, "PuntosX": [3.1370692253112793, 3.132016897201538, 3.1299939155578613, 3.1491360664367676], "PuntosY": [-0.16440662741661072, -0.13674677908420563, -4.063804226461798e-08, 0.027481986209750175]}
{"Iteracion": 5, "PuntosX": [3.312721014022827, 3.3116543292999268, 3.3079495429992676, 3.3157126903533936], "PuntosY": [-1.0128003358840942, -0.9809567928314209, -0.8554938435554504, -0.8267002701759338]}
{"Iteracion": 6, "PuntosX": [2.6986701488494873, 2.68046236038208, 2.6994547843933105, 2.681370496749878, 2.687737226486206], "PuntosY": [0.37927329540252686, 0.4005979001522064, 0.427551805973053, 0.5455307960510254, 0.5712964534759521]}
{"Iteracion": 7, "PuntosX": [2.657287120819092, 2.6648433208465576, 2.660881757736206, 2.658479690551758], "PuntosY": [-0.3498385548591614, -0.3272016644477844, -0.20941591262817383, -0.1858987659215927]}
{"Iteracion": 8, "PuntosX": [2.8795526027679443, 2.855349540710449, 2.856034755706787], "PuntosY": [1.1053569316864014, 1.1247519254684448, 1.2715890407562256]}
{"Iteracion": 9, "PuntosX": [3.4169673919677734, 3.40810227394104, 3.4133453369140625, 3.4097697734832764], "PuntosY": [0.5106690526008606, 0.539790153503418, 0.6634870767593384, 0.6937251687049866]}
{"Iteracion": 10, "PuntosX": [2.509915828704834, 2.5261974334716797, 2.5094192028045654, 2.517897129058838], "PuntosY": [-0.8155210614204407, -0.7965068817138672, -0.6723969578742981, -0.651172399520874]}
{"Iteracion": 11, "PuntosX": [3.063961982727051, 3.0657131671905518, 3.066861152648926], "PuntosY": [-1.332248330116272, -1.2076163291931152, -1.1772576570510864]}
{"Iteracion": 12, "PuntosX": [3.2624921798706055, 3.2720065116882324, 3.2642130851745605], "PuntosY": [-1.06004798412323, -0.938232958316803, -0.905246376991272]}
{"Iteracion": 13, "PuntosX": [3.1848318576812744, 3.1969473361968994, 3.189380168914795, 3.1863760948181152], "PuntosY": [0.2506517469882965, 0.27969658374786377, 0.3916066884994507, 0.41949474811553955]}
{"Iteracion": 14, "PuntosX": [2.646836519241333, 2.633110284805298, 2.644782543182373, 2.6326589584350586], "PuntosY": [0.7340327501296997, 0.7550323605537415, 0.884932279586792, 0.9064970016479492]}
{"Iteracion": 15, "PuntosX": [3.2116305828094482, 3.217210531234741, 3.2073323726654053], "PuntosY": [1.1689382791519165, 1.202865719795227, 1.328520655632019]}
{"Iteracion": 16, "PuntosX": [3.4905147552490234, 3.4884402751922607, 3.4847142696380615], "PuntosY": [0.7419320940971375, 0.7733688354492188, 0.9012083411216736]}
{"Iteracion": 17, "PuntosX": [3.0388875007629395, 3.0418717861175537, 3.036058187484741], "PuntosY": [-0.05304396152496338, -0.026545925065875053, 0.10602172464132309]}
{"Iteracion": 18, "PuntosX": [2.6630003452301025, 2.675044298171997, 2.663897752761841, 2.6680102348327637], "PuntosY": [-0.49355775117874146, -0.4716823101043701, -0.3507089614868164, -0.3275906443595886]}
{"Iteracion": 19, "PuntosX": [2.638906717300415, 2.639350414276123, 2.643763780593872, 2.636021852493286], "PuntosY": [0.37087440490722656, 0.3944537341594696, 0.5138959288597107, 0.5363048315048218]}
{"Iteracion": 20, "PuntosX": [2.638939619064331, 2.6380093097686768, 2.648179769515991, 2.634185552597046], "PuntosY": [1.0930845737457275, 1.119768738746643, 1.2348666191101074, 1.2564421892166138]}
{"Iteracion": 21, "PuntosX": [2.639341354370117, 2.6383068561553955, 2.648589611053467, 2.634530782699585], "PuntosY": [1.0932509899139404, 1.1198948621749878, 1.2350575923919678, 1.256606936454773]}
{"Iteracion": 22, "PuntosX": [3.1441361904144287, 3.1448404788970947, 3.1402413845062256], "PuntosY": [-0.554395854473114, -0.5262656807899475, -0.38557350635528564]}
{"Iteracion": 23, "PuntosX": [3.164001703262329, 3.1673402786254883, 3.1678977012634277], "PuntosY": [0.08285237103700638, 0.22148175537586212, 0.24931888282299042]}
{"Iteracion": 24, "PuntosX": [3.1950230598449707, 3.1890392303466797, 3.195482015609741, 3.18827486038208], "PuntosY": [0.7670570611953735, 0.7951168417930603, 0.9162894487380981, 0.9444101452827454]}
{"Iteracion": 25, "PuntosX": [3.1890177726745605, 3.1961798667907715, 3.1884772777557373], "PuntosY": [0.5050906538963318, 0.9164897799491882, 0.9444700479507446]}
{"Iteracion": 26, "PuntosX": [2.422159194946289, 2.415032148361206, 2.441297769546509, 2.414975881576538, 2.418031692504883], "PuntosY": [0.19062796235084534, 0.21128802001476288, 0.6086839437484741, 0.624555230140686, 0.6479097604751587]}
{"Iteracion": 27, "PuntosX": [2.5662901401519775, 2.571493625640869, 2.5702691078186035, 2.5646204948425293], "PuntosY": [0.20197144150733948, 0.2249765843153, 0.6170668601989746, 0.6394317746162415]}
{"Iteracion": 28, "PuntosX": [3.217480182647705, 3.219860553741455, 3.2297303676605225, 3.211693525314331], "PuntosY": [0.9225975871086121, 0.9537664651870728, 1.3377978801727295, 1.3632831573486328]}
{"Iteracion": 29, "PuntosX": [2.5708703994750977, 2.5875957012176514, 2.5696399211883545, 2.575232744216919], "PuntosY": [-0.9612089991569519, -0.9418078064918518, -0.5461940169334412, -0.5239368081092834]}
{"Iteracion": 30, "PuntosX": [3.171414375305176, 3.1741385459899902, 3.1776657104492188, 3.167685031890869], "PuntosY": [-0.24959547817707062, -0.2219572216272354, 0.1665344387292862, 0.1937444806098938]}
{"Iteracion": 31, "PuntosX": [3.3169381618499756, 3.3165225982666016], "PuntosY": [0.2901943624019623, 0.7049487829208374]}
{"Iteracion": 32, "PuntosX": [2.774857521057129, 2.76580810546875, 2.7704219818115234, 2.7654976844787598], "PuntosY": [0.6918496489524841, 0.7152863144874573, 1.1193230152130127, 1.1455063819885254]}
{"Iteracion": 33, "PuntosX": [2.6001152992248535, 2.62483286857605, 2.597696542739868, 2.6031508445739746], "PuntosY": [-1.130562663078308, -1.11417555809021, -0.7204049229621887, -0.6975122094154358]}
{"Iteracion": 34, "PuntosX": [3.025135040283203, 3.0250346660614014, 3.0231804847717285, 3.0229737758636475], "PuntosY": [-0.4251549541950226, -0.39825353026390076, 6.437039701268077e-08, 0.026381058618426323]}
{"Iteracion": 35, "PuntosX": [2.548194646835327, 2.565255641937256, 2.546947717666626, 2.5510737895965576], "PuntosY": [-0.6590077877044678, -0.6395901441574097, -0.2452431321144104, -0.2231900840997696]}
{"Iteracion": 36, "PuntosX": [3.075634479522705, 3.0675745010375977, 3.084766387939453, 3.0644991397857666], "PuntosY": [0.7954131364822388, 0.8219541907310486, 1.2151217460632324, 1.2381383180618286]}
{"Iteracion": 37, "PuntosX": [3.3685097694396973, 3.3640706539154053], "PuntosY": [1.0298569202423096, 1.4627399444580078]}
{"Iteracion": 38, "PuntosX": [3.204742908477783, 3.198014974594116, 3.207322359085083, 3.1946258544921875], "PuntosY": [-0.027967259287834167, -7.700873538851738e-08, 0.3938097357749939, 0.42058074474334717]}
{"Iteracion": 39, "PuntosX": [3.233147144317627, 3.23462176322937, 3.2258877754211426, 3.2453725337982178], "PuntosY": [-1.2735705375671387, -1.2416552305221558, -0.8342710137367249, -0.8091623783111572]}
{"Iteracion": 40, "PuntosX": [2.529775619506836, 2.5318849086761475, 2.544804096221924, 2.5254738330841064, 2.541069269180298],