{"TiempoSleep": 5, "MaxIteraciones": 5}
{"Iteracion": 0, "PuntosX": [3.3010671138763428, 3.301048755645752, 3.301029920578003, 3.3008997440338135, 3.300880193710327, 3.300863265991211, 3.300844669342041, 3.30082631111145, 3.3008081912994385, 3.3007900714874268, 3.3007724285125732, 3.3007538318634033, 3.3007352352142334, 3.300591230392456, 3.3005733489990234, 3.300555944442749, 3.300537109375, 3.30051851272583, 3.3005011081695557, 3.3004825115203857, 3.3004648685455322, 3.300446033477783, 3.3004276752471924, 3.3004088401794434, 3.3003907203674316, 3.3003733158111572, 3.300354242324829, 3.300337076187134, 3.3003175258636475, 3.3002986907958984, 3.3002805709838867, 3.300261974334717, 3.3002424240112305, 3.3002243041992188, 3.3002054691314697, 3.300187110900879, 3.3001668453216553], "PuntosY": [-0.6716095209121704, -0.6416589617729187, -0.6118096709251404, -0.40529966354370117, -0.3760879933834076, -0.3469346761703491, -0.31783515214920044, -0.2887851893901825, -0.25977927446365356, -0.23081359267234802, -0.20188407599925995, -0.17298519611358643, -0.14411357045173645, 0.08642908930778503, 0.1152585968375206, 0.144105464220047, 0.17297391593456268, 0.2018686980009079, 0.2307933121919632, 0.25975343585014343, 0.28875306248664856, 0.31779664754867554, 0.34688907861709595, 0.3760339617729187, 0.40523719787597656, 0.4345027208328247, 0.4638344645500183, 0.4932386577129364, 0.5227187275886536, 0.552280604839325, 0.5819283127784729, 0.6116671562194824, 0.6415020227432251, 0.6714381575584412, 0.701480507850647, 0.7316341996192932, 0.7619035840034485]}
{"Iteracion": 1, "PuntosX": [3.302316904067993, 3.302293539047241, 3.3022685050964355, 3.3021023273468018, 3.3020782470703125, 3.302055597305298, 3.302032232284546, 3.302008628845215, 3.3019845485687256, 3.301961660385132, 3.3019392490386963, 3.3019142150878906, 3.301891803741455, 3.3017079830169678, 3.301684856414795, 3.3016607761383057, 3.301637649536133, 3.30161452293396, 3.301591396331787, 3.3015687465667725, 3.301544666290283, 3.3015217781066895, 3.3014988899230957, 3.3014752864837646, 3.3014509677886963, 3.3014280796051025, 3.3014039993286133, 3.3013813495635986, 3.3013572692871094, 3.3013336658477783, 3.3013081550598145, 3.3012847900390625, 3.3012609481811523, 3.3012378215789795, 3.301213502883911, 3.3011882305145264, 3.3011653423309326], "PuntosY": [-0.6718640327453613, -0.6419010758399963, -0.6120391488075256, -0.4054472744464874, -0.3762243092060089, -0.3470601439476013, -0.31794947385787964, -0.2888881266117096, -0.2598717212677002, -0.23089540004730225, -0.2019553929567337, -0.17304609715938568, -0.14416387677192688, 0.08645829558372498, 0.11529742926359177, 0.14415380358695984, 0.1730315238237381, 0.2019355595111847, 0.23086963593959808, 0.2598392963409424, 0.2888476848602295, 0.31790024042129517, 0.3470016419887543, 0.3761555850505829, 0.40536725521087646, 0.4346415400505066, 0.4639820456504822, 0.4933947026729584, 0.5228835344314575, 0.5524537563323975, 0.5821096897125244, 0.6118566989898682, 0.6416999697685242, 0.6716441512107849, 0.7016948461532593, 0.7318559288978577, 0.7621339559555054]}
{"Iteracion": 2, "PuntosX": [2.3534388542175293, 2.3534152507781982, 2.353391647338867, 2.353367328643799, 2.3533437252044678, 2.3531341552734375, 2.3531112670898438, 2.35308837890625, 2.3530662059783936, 2.353043556213379, 2.353020668029785, 2.3529982566833496, 2.352975606918335, 2.3529534339904785, 2.352931022644043, 2.3529088497161865, 2.3528857231140137, 2.3528642654418945, 2.35284161567688, 2.3528199195861816, 2.3525984287261963, 2.3525760173797607, 2.3525540828704834, 2.3525311946868896, 2.3525094985961914, 2.3524868488311768, 2.3524646759033203, 2.3524420261383057, 2.3524200916290283, 2.3523976802825928, 2.352374792098999, 2.35235333442688, 2.352329730987549, 2.3523075580596924, 2.3522846698760986, 2.352261543273926, 2.3522393703460693, 2.3522157669067383, 2.352193832397461, 2.352170467376709, 2.352147102355957, 2.352123737335205, 2.3521013259887695, 2.352077007293701, 2.3520538806915283, 2.3520307540893555, 2.3520069122314453, 2.351983070373535, 2.3519599437713623, 2.3519349098205566, 2.351910352706909, 2.3518869876861572, 2.3518621921539307], "PuntosY": [-0.6971201300621033, -0.6748307943344116, -0.6526528596878052, -0.6305826902389526, -0.6086159348487854, -0.41492098569869995, -0.39377570152282715, -0.37269243597984314, -0.35166794061660767, -0.33069854974746704, -0.30978119373321533, -0.28891175985336304, -0.2680875062942505, -0.24730516970157623, -0.22656120359897614, -0.20585258305072784, -0.1851760447025299, -0.16452822089195251, -0.14390595257282257, -0.12330610305070877, 0.08215472847223282, 0.10271591693162918, 0.12329225242137909, 0.1438872516155243, 0.16450342535972595, 0.18514476716518402, 0.20581406354904175, 0.22651441395282745, 0.24724945425987244, 0.268021821975708, 0.2888356149196625, 0.3096933364868164, 0.33059850335121155, 0.351554811000824, 0.3725653886795044, 0.39363357424736023, 0.4147634208202362, 0.4359573721885681, 0.45722031593322754, 0.4785545766353607, 0.4999646246433258, 0.5214534401893616, 0.5430254936218262, 0.5646837949752808, 0.5864331126213074, 0.6082764267921448, 0.6302186250686646, 0.6522627472877502, 0.6744137406349182, 0.696675181388855, 0.7190510630607605, 0.7415472269058228, 0.764166533946991]}
{"Iteracion": 3, "PuntosX": [3.4793293476104736, 3.4792816638946533, 3.4792332649230957, 3.4788925647735596, 3.47884464263916, 3.47879695892334, 3.478748083114624, 3.4787001609802246, 3.478651523590088, 3.478602886199951, 3.4785540103912354, 3.478506088256836, 3.4784584045410156, 3.478119134902954, 3.4780702590942383, 3.4780218601226807, 3.4779720306396484, 3.4779231548309326, 3.477874517440796, 3.4778244495391846, 3.4777755737304688, 3.4777259826660156, 3.477675676345825, 3.477625846862793, 3.4775748252868652, 3.4775259494781494, 3.47747540473938, 3.477423906326294, 3.4773733615875244, 3.4773213863372803, 3.477271795272827, 3.4772191047668457, 3.477168083190918, 3.4771153926849365, 3.477062940597534], "PuntosY": [-0.39641955494880676, -0.36568722128868103, -0.33501195907592773, -0.12148561328649521, -0.09109670668840408, -0.06072276458144188, -0.03035851940512657, 1.9038270693272352e-07, 0.030357640236616135, 0.06071944162249565, 0.09108931571245193, 0.12147216498851776, 0.15187323093414307, 0.36556538939476013, 0.39627593755722046, 0.4270476996898651, 0.4578840434551239, 0.48879021406173706, 0.5197718739509583, 0.5508332252502441, 0.5819800496101379, 0.6132169365882874, 0.6445488929748535, 0.6759822368621826, 0.707520604133606, 0.7391709685325623, 0.7709379196166992, 0.8028267025947571, 0.8348432779312134, 0.8669939637184143, 0.8992835283279419, 0.931718111038208, 0.9643039703369141, 0.9970468878746033, 1.0299532413482666]}
{"Iteracion": 4,