{"TiempoSleep": 5, "MaxIteraciones": 60}
{"Iteracion": 0, "PuntosX": [1.6159100532531738, 1.6063182353973389, 1.6065353155136108, 1.6190844774246216, 1.6101115942001343, 1.6052441596984863, 1.6092329025268555], "PuntosY": [0.05642887204885483, 0.07013341039419174, 0.08419500291347504, 0.099027618765831, 0.2119753360748291, 0.22560234367847443, 0.24050146341323853]}
{"Iteracion": 1, "PuntosX": [1.6168813705444336, 1.6069527864456177, 1.606940746307373, 1.6188256740570068, 1.6108455657958984, 1.6057593822479248, 1.6095242500305176], "PuntosY": [0.05646283179521561, 0.07016121596097946, 0.08421626687049866, 0.09901183843612671, 0.21207195520401, 0.2256748378276825, 0.24054495990276337]}
{"Iteracion": 2, "PuntosX": [1.638407826423645, 1.6317373514175415, 1.634292483329773, 1.6472446918487549, 1.633327841758728, 1.6315852403640747, 1.6407376527786255], "PuntosY": [-0.014298124238848686, 7.95444066170603e-09, 0.01426221989095211, 0.12964095175266266, 0.14289768040180206, 0.15710368752479553, 0.17244853079319]}
{"Iteracion": 3, "PuntosX": [1.8243635892868042, 1.8082846403121948, 1.808840036392212, 1.8260992765426636, 1.811838150024414, 1.8070094585418701, 1.8137089014053345], "PuntosY": [-0.0956108570098877, -0.07895147055387497, -0.06316608935594559, -0.04781806096434593, 0.06327084451913834, 0.07889580726623535, 0.09505251795053482]}
{"Iteracion": 4, "PuntosX": [2.2865610122680664, 2.284926414489746, 2.293842315673828, 2.283087730407715, 2.2930727005004883], "PuntosY": [-0.382639080286026, -0.36189690232276917, -0.24109265208244324, -0.21983617544174194, -0.20061787962913513]}
{"Iteracion": 5, "PuntosX": [2.3351638317108154, 2.3421480655670166, 2.3430798053741455, 2.3354105949401855, 2.351510763168335], "PuntosY": [-0.8730817437171936, -0.8524718880653381, -0.7387701272964478, -0.7140066623687744, -0.696549117565155]}
{"Iteracion": 6, "PuntosX": [1.9931957721710205, 1.9833476543426514, 1.9877413511276245, 1.9856007099151611, 1.983484148979187], "PuntosY": [0.20949333906173706, 0.22597385942935944, 0.24406398832798004, 0.368009090423584, 0.38555029034614563]}
{"Iteracion": 7, "PuntosX": [1.623068928718567, 1.6104809045791626, 1.608988642692566, 1.6185144186019897, 1.6135221719741821, 1.6083574295043945, 1.6123743057250977], "PuntosY": [0.15628375113010406, 0.1692684441804886, 0.18332110345363617, 0.19872871041297913, 0.3136369585990906, 0.3272239863872528, 0.34272071719169617]}
{"Iteracion": 8, "PuntosX": [1.6186853647232056, 1.6097489595413208, 1.6098997592926025, 1.6170897483825684, 1.6090352535247803, 1.6103509664535522], "PuntosY": [0.3588540256023407, 0.37163975834846497, 0.3865026533603668, 0.50986647605896, 0.522807240486145, 0.5388160943984985]}
{"Iteracion": 9, "PuntosX": [1.5709692239761353, 1.5612984895706177, 1.5648114681243896, 1.5782878398895264, 1.571781873703003, 1.5611761808395386, 1.5631494522094727, 1.5745199918746948], "PuntosY": [-0.540928065776825, -0.5224032998085022, -0.5084381699562073, -0.4976322650909424, -0.3918892443180084, -0.374805212020874, -0.3608812987804413, -0.3490627706050873]}
{"Iteracion": 10, "PuntosX": [1.8874564170837402, 1.894816517829895, 1.9014848470687866, 1.8869330883026123, 1.8931690454483032], "PuntosY": [-0.7434887290000916, -0.7273519039154053, -0.6178299784660339, -0.5949476957321167, -0.5788000226020813]}
{"Iteracion": 11, "PuntosX": [2.2913269996643066, 2.287834405899048, 2.3065381050109863, 2.301149845123291, 2.2864909172058105, 2.294577121734619], "PuntosY": [-0.3834365904331207, -0.3623572885990143, -0.344714492559433, -0.24186059832572937, -0.22016403079032898, -0.20074956119060516]}
{"Iteracion": 12, "PuntosX": [2.2914392948150635, 2.2848949432373047, 2.289372444152832, 2.2849934101104736], "PuntosY": [0.6139894127845764, 0.6336570978164673, 0.7660133242607117, 0.7867862582206726]}
{"Iteracion": 13, "PuntosX": [1.7193002700805664, 1.7110285758972168, 1.7135825157165527, 1.7205992937088013, 1.7111482620239258, 1.7126315832138062], "PuntosY": [0.4606850743293762, 0.4745103120803833, 0.49136194586753845, 0.6092962026596069, 0.6228070855140686, 0.640326738357544]}
{"Iteracion": 14, "PuntosX": [2.35787034034729, 2.3369460105895996, 2.3400652408599854, 2.3469512462615967, 2.3352019786834717], "PuntosY": [0.6317896246910095, 0.6480923295021057, 0.671002984046936, 0.7852790355682373, 0.804074227809906]}
{"Iteracion": 15, "PuntosX": [2.367790699005127, 2.3631601333618164, 2.3720505237579346, 2.3621327877044678, 2.376004219055176], "PuntosY": [0.04133012518286705, 0.06188156455755234, 0.18668454885482788, 0.20666000247001648, 0.22878314554691315]}
{"Iteracion": 16, "PuntosX": [1.9242744445800781, 1.9132378101348877, 1.9159464836120605, 1.920659065246582, 1.9125521183013916, 1.91768217086792], "PuntosY": [0.1345582753419876, 0.1505751758813858, 0.16762372851371765, 0.28704437613487244, 0.30291837453842163, 0.32090988755226135]}
{"Iteracion": 17, "PuntosX": [1.5450605154037476, 1.5385679006576538, 1.540029764175415, 1.5433037281036377, 1.5379666090011597, 1.5409306287765503], "PuntosY": [0.16239243745803833, 0.17529766261577606, 0.1890919804573059, 0.3139885365962982, 0.32690492272377014, 0.34161606431007385]}
{"Iteracion": 18, "PuntosX": [1.8170998096466064, 1.8169100284576416, 1.8290389776229858, 1.8178133964538574, 1.8155921697616577, 1.8252801895141602], "PuntosY": [-0.4028414487838745, -0.3861961364746094, -0.37212228775024414, -0.2554769814014435, -0.2390274852514267, -0.22411641478538513]}
{"Iteracion": 19, "PuntosX": [2.0917491912841797, 2.0963335037231445, 2.104182243347168, 2.090965986251831, 2.09767746925354], "PuntosY": [-0.5215317606925964, -0.5032849907875061, -0.38998717069625854, -0.3686937093734741, -0.35103073716163635]}
{"Iteracion": 20, "PuntosX": [2.4204301834106445, 2.418107271194458, 2.419518232345581, 2.4176552295684814], "PuntosY": [-0.405040979385376, -0.38299036026000977, -0.2543014883995056, -0.23279370367527008]}
{"Iteracion": 21, "PuntosX": [1.8295514583587646, 1.8168011903762817, 1.8194284439086914, 1.8182470798492432, 1.8165923357009888, 1.8276585340499878], "PuntosY": [-0.24086512625217438, -0.22307530045509338, -0.20729771256446838, -0.07938636839389801, -0.0634368360042572, -0.04785891994833946]}
{"Iteracion": 22, "PuntosX": [1.8305737972259521, 1.817225456237793, 1.819706916809082, 1.8187475204467773, 1.8169136047363281, 1.8276772499084473], "PuntosY": [-0.2409997284412384, -0.2231273353099823, -0.20732930302619934, -0.07940822094678879, -0.0634479895234108, -0.047859445214271545]}
{"Iteracion": 23, "PuntosX": [1.8439747095108032, 1.8448022603988647, 1.8597233295440674, 1.8195204734802246, 1.817254900932312, 1.8274585008621216], "PuntosY": [-0.3751607835292816, -0.3585931956768036, -0.3446792662143707, -0.0794421061873436, -0.06345990300178528, -0.047853682190179825]}
{"Iteracion": 24, "PuntosX": [2.146156072616577, 2.141974687576294, 2.16017484664917, 2.0722877979278564, 2.065284013748169, 2.07901930809021], "PuntosY": [0.09370344132184982, 0.11225616931915283, 0.13212214410305023, 0.44047847390174866, 0.45786258578300476, 0.4799794554710388]}
{"Iteracion": 25, "PuntosX": [2.354825973510742, 2.3443117141723633, 2.356654167175293, 2.2715089321136475, 2.2687900066375732], "PuntosY": [-0.436441034078598, -0.4133650064468384, -0.3943684697151184, -0.07932298630475998, -0.059410229325294495]}
{"Iteracion": 26, "PuntosX": [1.7613996267318726, 1.7444685697555542, 1.742989182472229, 1.755095362663269, 1.6732648611068726, 1.6663916110992432, 1.6697359085083008], "PuntosY": [0.10773198306560516, 0.12198498845100403, 0.13717621564865112, 0.15355101227760315, 0.46403732895851135, 0.4778302311897278, 0.4945983588695526]}
{"Iteracion": 27, "PuntosX": [1.646594524383545, 1.648361325263977, 1.6602405309677124, 1.5728566646575928, 1.5697962045669556, 1.5752928256988525], "PuntosY": [-0.6486107110977173, -0.6327465772628784, -0.6207383871078491, -0.30573228001594543, -0.2909443974494934, -0.27776649594306946]}
{"Iteracion": 28,