{"TiempoSleep": 2, "MaxIteraciones": 2}
{"Iteracion": 0, "PuntosX": [0.8635939955711365, 0.8537367582321167, 0.8441003561019897, 0.8346760869026184, 0.8255481719970703, 0.8221592903137207, 0.8209983706474304, 0.8198400139808655, 0.8186836242675781, 0.8175289630889893, 0.8163759112358093, 0.8191556930541992, 0.8288252353668213, 0.8387454748153687, 0.8489269614219666, 0.9736517071723938, 0.9335644245147705, 0.9187156558036804, 0.9098278880119324, 0.901081919670105, 0.8924741744995117, 0.8839995861053467, 0.8803974986076355, 0.8790815472602844, 0.8777647018432617, 0.8764456510543823, 0.8751250505447388, 0.8739993572235107, 0.8875835537910461, 0.9021008610725403], "PuntosY": [1.605803845450282e-08, 0.007450450677424669, 0.014733848161995411, 0.021856756880879402, 0.028828827664256096, 0.03589627146720886, 0.043026719242334366, 0.050143614411354065, 0.05724786967039108, 0.06434091180562973, 0.07142364233732224, 0.07887566834688187, 0.08711308985948563, 0.09556296467781067, 0.10423516482114792, 0.15421125292778015, 0.15622510015964508, 0.1619943380355835, 0.16862662136554718, 0.17515259981155396, 0.18157590925693512, 0.18789993226528168, 0.19517949223518372, 0.20295193791389465, 0.2107326090335846, 0.21852250397205353, 0.22632275521755219, 0.23418746888637543, 0.2461487054824829, 0.2586733102798462]}
{"Iteracion": 1, "PuntosX": [0.8639523386955261, 0.8540899753570557, 0.8444485664367676, 0.8350193500518799, 0.8258829712867737, 0.8224416971206665, 0.821280300617218, 0.8201209902763367, 0.8189635872840881, 0.8178081512451172, 0.8166545629501343, 0.8193885684013367, 0.82905513048172, 0.8389765620231628, 0.8491593599319458, 0.9740435481071472, 0.9339300990104675, 0.9190028309822083, 0.9101111888885498, 0.9013621211051941, 0.8927510976791382, 0.8842726349830627, 0.8806636929512024, 0.8793472051620483, 0.8780292272567749, 0.8767099976539612, 0.8753888607025146, 0.8742623925209045, 0.8878626227378845, 0.9023823738098145], "PuntosY": [3.1868694350123405e-08, 0.007453549653291702, 0.014739894308149815, 0.021865781396627426, 0.028840482234954834, 0.03590859845280647, 0.04304151609539986, 0.050160862505435944, 0.057267505675554276, 0.06436290591955185, 0.07144796848297119, 0.0788981094956398, 0.08713722974061966, 0.09558925032615662, 0.10426368564367294, 0.15427331626415253, 0.1562862992286682, 0.1620449274778366, 0.1686791032552719, 0.17520706355571747, 0.18163222074508667, 0.18795792758464813, 0.19523853063583374, 0.20301330089569092, 0.21079610288143158, 0.21858836710453033, 0.2263909876346588, 0.23425789177417755, 0.24622605741024017, 0.25875404477119446]}
{"Iteraciones totales": 2}
