{"TiempoSleep": 2, "MaxIteraciones": 2}
{"Iteracion": 0, "PuntosX": [0.9442493319511414, 0.9327607750892639, 0.9215463995933533, 0.9116028547286987, 0.912178635597229, 0.91275554895401, 0.9133339524269104, 0.9139134883880615, 0.9144858121871948, 0.9186651110649109, 0.9285134077072144, 0.9385899305343628, 0.9489060640335083, 0.8729299902915955, 0.8642401099205017, 0.8556787371635437, 0.8472565412521362, 0.8399443626403809, 0.8403789401054382, 0.8409950137138367, 0.8416153192520142, 0.8422382473945618, 0.8428651690483093, 0.8485428690910339, 0.8614103198051453, 0.8747393488883972], "PuntosY": [-3.6539859138429165e-08, 0.008140048943459988, 0.01608569175004959, 0.0238711629062891, 0.031854040920734406, 0.03985178843140602, 0.04786580055952072, 0.05589742958545685, 0.06394702941179276, 0.072300486266613, 0.0812344178557396, 0.09037589281797409, 0.09973407536745071, 0.15392109751701355, 0.16017742455005646, 0.166327103972435, 0.17237628996372223, 0.17853569984436035, 0.18630750477313995, 0.19415894150733948, 0.20205390453338623, 0.2099936306476593, 0.21797969937324524, 0.22736644744873047, 0.23889020085334778, 0.250827431678772]}
{"Iteracion": 1, "PuntosX": [0.9447726011276245, 0.9332739114761353, 0.9220499992370605, 0.9119105339050293, 0.9124851226806641, 0.913061261177063, 0.9136380553245544, 0.9142163991928101, 0.9147928357124329, 0.9188337922096252, 0.9286802411079407, 0.9387552738189697, 0.9490690231323242, 0.8733089566230774, 0.8646205067634583, 0.856052577495575, 0.8476243019104004, 0.8402330875396729, 0.8406633734703064, 0.8412786722183228, 0.8418971300125122, 0.8425194621086121, 0.8431451320648193, 0.8487398624420166, 0.8616045117378235, 0.874930202960968], "PuntosY": [4.403955244924873e-08, 0.008144576102495193, 0.016094500198960304, 0.02387928031384945, 0.03186474367976189, 0.03986523300409317, 0.04788181558251381, 0.05591601878404617, 0.06396854668855667, 0.07231387495994568, 0.08124905824661255, 0.09039183706045151, 0.09975121170282364, 0.15398791432380676, 0.16024795174598694, 0.16639983654022217, 0.17245112359523773, 0.17859715223312378, 0.1863706409931183, 0.1942245364189148, 0.20212163031101227, 0.21006374061107635, 0.21805211901664734, 0.22741921246051788, 0.23894411325454712, 0.25088223814964294]}
{"Iteraciones totales": 2}
