{"TiempoSleep": 5, "MaxIteraciones": 5}
{"Iteracion": 0, "PuntosX": [1.8243484497070312, 1.814172625541687, 1.8080148696899414, 1.8177844285964966, 1.8275973796844482, 1.8503528833389282, 1.8831337690353394, 1.8371467590332031, 1.828160047531128, 1.823837161064148, 1.8337856531143188, 1.8437960147857666, 1.8726741075515747, 1.7006264925003052, 1.651515007019043, 1.6241060495376587, 1.602535605430603, 1.5856778621673584, 1.5706849098205566, 1.559669852256775, 1.5488028526306152, 1.5396870374679565, 1.5326861143112183, 1.5257431268692017, 1.5192115306854248, 1.5152629613876343, 1.5113295316696167, 1.5074114799499512, 1.5048234462738037, 1.5035297870635986, 1.502236247062683, 1.5009429454803467, 1.5017372369766235, 1.5030760765075684, 1.5044211149215698, 1.506398320198059, 1.5107377767562866, 1.5151156187057495, 1.5195332765579224, 1.5276451110839844, 1.5360348224639893, 1.5456775426864624, 1.5600377321243286, 1.5752813816070557, 1.6007901430130005, 1.643286943435669, 1.1383377313613892, 1.1155462265014648, 1.099603533744812, 1.0960464477539062, 1.0924938917160034, 1.0889443159103394, 1.0852925777435303, 1.0885623693466187, 1.093851089477539, 1.0992244482040405, 1.104684829711914, 1.137894868850708, 1.0040314197540283, 0.987432062625885, 0.9712531566619873, 0.9674592614173889, 0.9642127752304077, 0.9609616994857788, 0.9577060341835022, 0.9556418657302856, 0.961392879486084, 0.9672653675079346, 0.9732649922370911, 1.0217328071594238], "PuntosY": [-0.7186297178268433, -0.6963953375816345, -0.6759892106056213, -0.6616191864013672, -0.6471859216690063, -0.6371272802352905, -0.6300879120826721, -0.5441877245903015, -0.5242164134979248, -0.5057947039604187, -0.49136146903038025, -0.4768379032611847, -0.46690982580184937, -0.04453243687748909, -0.02882743626832962, -0.014173335395753384, 5.410765879787505e-08, 0.013838031329214573, 0.027416490018367767, 0.040841471403837204, 0.054085493087768555, 0.06722433865070343, 0.08032480627298355, 0.09331861883401871, 0.10623358935117722, 0.11925386637449265, 0.13222426176071167, 0.1451471447944641, 0.15816333889961243, 0.17130553722381592, 0.18445158004760742, 0.1976030468940735, 0.2110554426908493, 0.22463630139827728, 0.23827680945396423, 0.2520846128463745, 0.26638391613960266, 0.28081008791923523, 0.2953675091266632, 0.31080299615859985, 0.3264944851398468, 0.3426685929298401, 0.360163152217865, 0.37819162011146545, 0.3991219103336334, 0.4249829053878784, 0.3156890571117401, 0.31987789273262024, 0.3257175087928772, 0.33509504795074463, 0.34446197748184204, 0.3538195490837097, 0.36313396692276, 0.37482208013534546, 0.3873530626296997, 0.40008506178855896, 0.41302475333213806, 0.4367969334125519, 0.426186203956604, 0.42934784293174744, 0.4324299395084381, 0.44089674949645996, 0.44962000846862793, 0.4583553969860077, 0.46710458397865295, 0.47646552324295044, 0.48985427618026733, 0.5035265684127808, 0.5174941420555115, 0.5547558069229126]}
