{"TiempoSleep": 5, "MaxIteraciones": 20}
{"Iteracion": 0, "PuntosX": [2.4262290000915527, 2.3960444927215576, 2.381793975830078, 2.3744044303894043, 2.372807264328003, 2.376021385192871, 2.3845999240875244, 2.4011547565460205, 2.4437785148620605, 2.409935235977173, 2.3761167526245117, 2.358826160430908, 2.349405288696289, 2.3449673652648926, 2.3451969623565674, 2.3505170345306396, 2.364351511001587, 2.3990023136138916], "PuntosY": [-0.08472567051649094, -0.06274251639842987, -0.04157441109418869, -0.02072111703455448, 2.6921043172478676e-09, 0.020735150203108788, 0.04162358120083809, 0.06287657469511032, 0.08533875644207001, 0.2108420878648758, 0.22879400849342346, 0.24792277812957764, 0.2676808834075928, 0.2879260778427124, 0.3087514042854309, 0.3303438425064087, 0.3533546030521393, 0.3799646198749542]}
{"Iteracion": 1, "PuntosX": [2.4288315773010254, 2.3975889682769775, 2.383065700531006, 2.375464677810669, 2.3735239505767822, 2.376561164855957, 2.3849399089813232, 2.400902032852173, 2.441495895385742, 2.4126808643341064, 2.3776748180389404, 2.359920024871826, 2.3503293991088867, 2.345738172531128, 2.3458163738250732, 2.3509721755981445, 2.364349365234375, 2.397733688354492], "PuntosY": [-0.08481675386428833, -0.06278297305107117, -0.041596781462430954, -0.02073029987514019, 1.645821612328291e-08, 0.02074001356959343, 0.04162944480776787, 0.06286998838186264, 0.08525905013084412, 0.21108219027519226, 0.22894388437271118, 0.2480376809835434, 0.2677861750125885, 0.28802067041397095, 0.30883273482322693, 0.3304075300693512, 0.3533543646335602, 0.3797636330127716]}
{"Iteracion": 2, "PuntosX": [1.3542425632476807, 1.325355887413025, 1.313704490661621, 1.3065950870513916, 1.302612543106079, 1.3008711338043213, 1.3005156517028809, 1.3016157150268555, 1.3046574592590332, 1.3088310956954956, 1.314545750617981, 1.3227580785751343, 1.333376407623291, 1.3479806184768677, 1.3709790706634521, 1.3147475719451904, 1.2989178895950317, 1.2890512943267822, 1.2821494340896606, 1.2771130800247192, 1.2736868858337402, 1.2722835540771484, 1.2718071937561035, 1.2728610038757324, 1.2755849361419678, 1.2795592546463013, 1.2856569290161133, 1.294844388961792, 1.3083693981170654, 1.336370825767517], "PuntosY": [-0.3628682494163513, -0.34276023507118225, -0.32754334807395935, -0.31368568539619446, -0.3007318377494812, -0.2883961796760559, -0.27643322944641113, -0.2648167014122009, -0.25359973311424255, -0.2425774782896042, -0.23178985714912415, -0.22135372459888458, -0.21118612587451935, -0.20145706832408905, -0.19267864525318146, -0.05740319937467575, -0.04535922780632973, -0.033754974603652954, -0.02238006517291069, -0.011145219206809998, 3.041350282728672e-08, 0.011102999560534954, 0.022199507802724838, 0.033331096172332764, 0.044544436037540436, 0.055866826325654984, 0.06737847626209259, 0.0791962668299675, 0.09149003028869629, 0.10517468303442001]}
{"Iteracion": 3, "PuntosX": [2.561124324798584, 2.539602756500244, 2.5293729305267334, 2.525144100189209, 2.5262131690979004, 2.5338568687438965, 2.549358606338501, 2.5900075435638428, 2.5483639240264893, 2.52104115486145, 2.5065786838531494, 2.4985010623931885, 2.4961259365081787, 2.499727964401245, 2.510164260864258, 2.536719560623169], "PuntosY": [-0.022350596264004707, 1.0725489119067788e-07, 0.022073451429605484, 0.044076573103666306, 0.06615113466978073, 0.08848435431718826, 0.11130756139755249, 0.13573643565177917, 0.26784393191337585, 0.2872363030910492, 0.307769238948822, 0.3289341330528259, 0.3508077561855316, 0.3735867440700531, 0.397570937871933, 0.4245011508464813]}
{"Iteracion": 4, "PuntosX": [1.6163060665130615, 1.6070899963378906, 1.6041840314865112, 1.6050950288772583, 1.6088374853134155, 1.6150389909744263, 1.6236848831176758, 1.6350977420806885, 1.6501117944717407, 1.6706905364990234, 1.7077057361602783, 1.6276443004608154, 1.593810796737671, 1.5823010206222534, 1.5770034790039062, 1.5753233432769775, 1.5762521028518677, 1.5793845653533936, 1.5846318006515503, 1.5921686887741089, 1.6025177240371704, 1.6169116497039795, 1.6385377645492554], "PuntosY": [-0.8235491514205933, -0.8012654185295105, -0.7824128270149231, -0.765591025352478, -0.7502131462097168, -0.736015796661377, -0.7229111790657043, -0.7109606266021729, -0.7004309296607971, -0.6920225620269775, -0.6899577975273132, -0.5604426264762878, -0.533281683921814, -0.5141206979751587, -0.49722716212272644, -0.481624573469162, -0.4669070541858673, -0.45288100838661194, -0.43945711851119995, -0.42662015557289124, -0.41443905234336853, -0.4031413495540619, -0.39337798953056335]}
{"Iteracion": 5, "PuntosX": [3.3153374195098877, 3.306540012359619, 3.310669422149658, 3.3246920108795166, 3.3516035079956055, 3.2926268577575684, 3.2789993286132812, 3.2786924839019775, 3.288165807723999, 3.3085241317749023, 3.3532819747924805], "PuntosY": [-1.1092967987060547, -1.0743600130081177, -1.0438499450683594, -1.0164605379104614, -0.9927905201911926, -0.8209443092346191, -0.7872180342674255, -0.7569456100463867, -0.7289686799049377, -0.7032485604286194, -0.6822328567504883]}
{"Iteracion": 6, "PuntosX": [3.464979410171509, 3.453827381134033, 3.4564619064331055, 3.4703218936920166, 3.4977803230285645, 3.295159339904785, 3.28045392036438, 3.2796428203582764, 3.2883076667785645, 3.308053493499756, 3.351384401321411], "PuntosY": [-1.0593507289886475, -1.0230704545974731, -0.9911243915557861, -0.9624056220054626, -0.9372279047966003, -0.8215755820274353, -0.7875673770904541, -0.7571653127670288, -0.7290005683898926, -0.703148365020752, -0.6818468570709229]}
{"Iteracion": 7, "PuntosX": [2.940700054168701, 2.9151737689971924, 2.9022600650787354, 2.8980817794799805, 2.900524139404297, 2.9131603240966797, 2.9479598999023438, 2.787792444229126, 2.753549575805664, 2.735335350036621, 2.7261109352111816, 2.723054885864258, 2.7271718978881836, 2.7415804862976074], "PuntosY": [0.23143814504146576, 0.25504475831985474, 0.2794557809829712, 0.30460071563720703, 0.3304729163646698, 0.3576911985874176, 0.38810664415359497, 0.4665164053440094, 0.4855250120162964, 0.5069642663002014, 0.5299023985862732, 0.5540117025375366, 0.5796784162521362, 0.6077939867973328]}
{"Iteracion": 8, "PuntosX": [2.5714120864868164, 2.5454905033111572, 2.5321714878082275, 2.525130033493042, 2.5235276222229004, 2.5284249782562256, 2.5405802726745605, 2.572399377822876, 2.401134967803955, 2.376518726348877, 2.361328363418579, 2.3526499271392822, 2.3489623069763184, 2.350193500518799, 2.3573760986328125, 2.3774285316467285], "PuntosY": [0.2023746371269226, 0.22270143032073975, 0.2438201606273651, 0.26540181040763855, 0.2875194251537323, 0.3104516863822937, 0.3344739079475403, 0.36152714490890503, 0.44502386450767517, 0.461948424577713, 0.48041772842407227, 0.5000712275505066, 0.5207525491714478, 0.5425847768783569, 0.5659556984901428, 0.5927595496177673]}
{"Iteracion": 9, "PuntosX": [2.916088104248047, 2.873192071914673, 2.8577685356140137, 2.851473331451416, 2.852630376815796, 2.8608059883117676, 2.879891872406006, 2.7361698150634766, 2.701383590698242, 2.6854803562164307, 2.6776998043060303, 2.676135301589966, 2.6816020011901855, 2.695101022720337, 2.7322492599487305], "PuntosY": [-0.12731929123401642, -0.1003340408205986, -0.07483316212892532, -0.04977284371852875, -0.024894358590245247, 2.7444912120699883e-08, 0.025132454931735992, 0.11946388334035873, 0.14157354831695557, 0.16425111889839172, 0.18724298477172852, 0.21061652898788452, 0.23460988700389862, 0.2595086097717285, 0.2871710956096649]}
{"Iteracion": 10, "PuntosX": [1.7961441278457642, 1.7772431373596191, 1.765236735343933, 1.7574325799942017, 1.752734899520874, 1.7507047653198242, 1.7512909173965454, 1.7547982931137085, 1.7620761394500732, 1.775183081626892, 1.804374098777771, 1.6379458904266357, 1.6166446208953857, 1.602294921875, 1.5919404029846191, 1.5843889713287354, 1.5791141986846924, 1.5759307146072388, 1.5753663778305054, 1.5773990154266357, 1.5826818943023682, 1.5929876565933228, 1.619749903678894],