{"TiempoSleep": 5, "MaxIteraciones": 5}
{"Iteracion": 0, "PuntosX": [1.8249330520629883, 1.8147494792938232, 1.808160662651062, 1.8179279565811157, 1.8277393579483032, 1.8500183820724487, 1.8827844858169556, 1.8376704454421997, 1.828677773475647, 1.823965072631836, 1.8339112997055054, 1.8439204692840576, 1.8722392320632935, 1.7017749547958374, 1.652227759361267, 1.6247974634170532, 1.603060245513916, 1.5861924886703491, 1.5711060762405396, 1.5600841045379639, 1.549212098121643, 1.5400339365005493, 1.5330288410186768, 1.5260818004608154, 1.5195034742355347, 1.515552282333374, 1.5116170644760132, 1.5076954364776611, 1.505066990852356, 1.5037717819213867, 1.5024759769439697, 1.5011804103851318, 1.501936674118042, 1.5032739639282227, 1.5046170949935913, 1.5065537691116333, 1.5108906030654907, 1.5152671337127686, 1.5196822881698608, 1.5277440547943115, 1.5361312627792358, 1.5457006692886353, 1.5600568056106567, 1.575171709060669, 1.6006689071655273, 1.642807126045227, 1.1387742757797241, 1.1159662008285522, 1.099847674369812, 1.096288800239563, 1.09273362159729, 1.089181900024414, 1.0855308771133423, 1.088725209236145, 1.0940111875534058, 1.099382996559143, 1.104841947555542, 1.1377732753753662, 1.00432550907135, 0.9877181053161621, 0.9715302586555481, 0.967669665813446, 0.9644213318824768, 0.9611681699752808, 0.9579101800918579, 0.9558076858520508, 0.9615572094917297, 0.9674275517463684, 0.9734253287315369, 1.0210875272750854], "PuntosY": [-0.7188600897789001, -0.6966170072555542, -0.6760435104370117, -0.6616714596748352, -0.6472362875938416, -0.6370123624801636, -0.629970908164978, -0.5443428158760071, -0.5243647694587708, -0.5058302283287048, -0.49139508605003357, -0.47687023878097534, -0.46680164337158203, -0.044562600553035736, -0.02883980982005596, -0.014179243706166744, 8.485221769660711e-08, 0.013842456974089146, 0.027423813939094543, 0.04085224121809006, 0.054099783301353455, 0.06723938137292862, 0.08034278452396393, 0.09333937615156174, 0.10625400394201279, 0.11927668750286102, 0.13224942982196808, 0.1451745331287384, 0.15818899869918823, 0.1713331639766693, 0.18448106944561005, 0.19763433933258057, 0.2110835462808609, 0.22466576099395752, 0.23830796778202057, 0.2521106004714966, 0.2664108872413635, 0.28083816170692444, 0.2953964173793793, 0.31082311272621155, 0.3265148997306824, 0.3426736891269684, 0.360167533159256, 0.37816524505615234, 0.3990917205810547, 0.42485886812210083, 0.3158099949359894, 0.319998174905777, 0.32578977942466736, 0.3351691663265228, 0.3445376455783844, 0.35389670729637146, 0.36321380734443665, 0.3748781681060791, 0.3874097466468811, 0.4001426696777344, 0.413083553314209, 0.4367503225803375, 0.42631101608276367, 0.4294721484184265, 0.432553231716156, 0.4409925639629364, 0.44971704483032227, 0.45845383405685425, 0.4672040343284607, 0.47654813528060913, 0.48993802070617676, 0.5036110877990723, 0.5175793766975403, 0.5544055700302124]}
{"Iteracion": 1, "PuntosX": [1.8256651163101196, 1.8154741525650024, 1.8084626197814941, 1.8182297945022583, 1.8280410766601562, 1.849862813949585, 1.8826189041137695, 1.8383420705795288, 1.829343557357788, 1.8242641687393188, 1.834210753440857, 1.8442190885543823, 1.8720258474349976, 1.7038147449493408, 1.6529970169067383, 1.6255463361740112, 1.6036803722381592, 1.5868021249771118, 1.571645736694336, 1.56061851978302, 1.5497397184371948, 1.5405164957046509, 1.533508539199829, 1.5265569686889648, 1.519945502281189, 1.5159924030303955, 1.5120539665222168, 1.5081300735473633, 1.5054758787155151, 1.5041794776916504, 1.502881646156311, 1.501584529876709, 1.502318263053894, 1.503654956817627, 1.504996418952942, 1.5069115161895752, 1.5112481117248535, 1.515622854232788, 1.52003812789917, 1.5280756950378418, 1.5364619493484497, 1.5459998846054077, 1.560354232788086, 1.575415015220642, 1.6009074449539185, 1.6428942680358887, 1.1391931772232056, 1.1163716316223145, 1.1002464294433594, 1.0966848134994507, 1.0931274890899658, 1.0895735025405884, 1.0859193801879883, 1.0891284942626953, 1.0944149494171143, 1.099786400794983, 1.105245590209961, 1.1382657289505005, 1.0046182870864868, 0.9880029559135437, 0.9718075394630432, 0.9680318832397461, 0.9647809863090515, 0.9615262150764465, 0.958266019821167, 0.9562389850616455, 0.9619879126548767, 0.9678592085838318, 0.9738571047782898, 1.023056983947754], "PuntosY": [-0.719148576259613, -0.6968953013420105, -0.6761562824249268, -0.6617814302444458, -0.6473432183265686, -0.6369585990905762, -0.6299156546592712, -0.5445417165756226, -0.5245558023452759, -0.5059130787849426, -0.49147531390190125, -0.4769473671913147, -0.46674835681915283, -0.04461602866649628, -0.028853289783000946, -0.01418578065931797, 8.427741704508662e-08, 0.013847824186086655, 0.027433225885033607, 0.040866315364837646, 0.05411815643310547, 0.06726045161485672, 0.08036776632070541, 0.09336840361356735, 0.10628488659858704, 0.11931121349334717, 0.13228759169578552, 0.14521636068820953, 0.15823204815387726, 0.17137964069843292, 0.18453079462051392, 0.19768744707107544, 0.2111370712518692, 0.22472278773784637, 0.23836807906627655, 0.25217050313949585, 0.2664738595485687, 0.2809041142463684, 0.2954655587673187, 0.3108905255794525, 0.3265850841999054, 0.34274008870124817, 0.36023619771003723, 0.37822359800338745, 0.39915117621421814, 0.4248814284801483, 0.31592628359794617, 0.32011452317237854, 0.32590803503990173, 0.3352903127670288, 0.34466177225112915, 0.35402390360832214, 0.36334365606307983, 0.37501707673072815, 0.3875526189804077, 0.4002895653247833, 0.4132344126701355, 0.4369393587112427, 0.4264352321624756, 0.4295959770679474, 0.4326767325401306, 0.44115766882896423, 0.449884831905365, 0.45862454175949097, 0.4673776626586914, 0.47676315903663635, 0.49015742540359497, 0.5038357377052307, 0.5178090333938599, 0.5554748177528381]}
{"Iteracion": 2, "PuntosX": [1.93832266330719, 1.9179719686508179, 1.9114331007003784, 1.9124233722686768, 1.9141925573349, 1.9377400875091553, 1.912630558013916, 1.8592524528503418, 1.8411470651626587, 1.8375054597854614, 1.838614583015442, 1.8447704315185547, 1.8726212978363037, 1.4523169994354248, 1.4182082414627075, 1.3902329206466675, 1.368172526359558, 1.3473563194274902, 1.330774188041687, 1.3144233226776123, 1.2994049787521362, 1.2865625619888306, 1.273829698562622, 1.2613420486450195, 1.2512280941009521, 1.2411565780639648, 1.231124758720398, 1.2220821380615234, 1.2142257690429688, 1.206369400024414, 1.198512315750122, 1.1921690702438354, 1.186367154121399, 1.1805421113967896, 1.174974799156189, 1.1713796854019165, 1.167754054069519, 1.164096474647522, 1.162779450416565, 1.1619157791137695, 1.161177396774292, 1.1644033193588257, 1.1677004098892212, 1.1771855354309082, 1.1939269304275513, 0.8174291253089905], "PuntosY": [0.30700021982192993, 0.3209584355354309, 0.3370371460914612, 0.3544467091560364, 0.3720815181732178, 0.394237756729126, 0.4591819643974304, 0.46356382966041565, 0.4761529862880707, 0.49235808849334717, 0.5098930597305298, 0.5289794206619263, 0.5546958446502686, 0.8050325512886047, 0.8023837804794312, 0.8026514053344727, 0.8059152364730835, 0.8095734119415283, 0.8154995441436768, 0.8213428258895874, 0.8278123140335083, 0.8355033993721008, 0.8431294560432434, 0.8507859110832214, 0.8599451780319214, 0.8690671324729919, 0.8781526684761047, 0.8878945708274841, 0.8984798192977905, 0.909064531326294, 0.9196507930755615, 0.9314245581626892, 0.9436788558959961, 0.9559841156005859, 0.968574583530426, 0.9829041957855225, 0.9973561763763428, 1.011933445930481, 1.0287401676177979, 1.0461934804916382, 1.0640228986740112, 1.0858235359191895, 1.108106017112732, 1.1367950439453125, 1.1732683181762695, 0.831821858882904]}
{"Iteracion": 3,