{"TiempoSleep": 2, "MaxIteraciones": 2}
{"Iteracion": 0, "PuntosX": [0.8608310222625732, 0.850239098072052, 0.8399116396903992, 0.8298386335372925, 0.8250380158424377, 0.8238987922668457, 0.8227220177650452, 0.8215490579605103, 0.8203787803649902, 0.8192116618156433, 0.8209603428840637, 0.8297299146652222, 0.8387923836708069, 0.8480638265609741, 0.9380999803543091, 0.9209147095680237, 0.9115977883338928, 0.9024472236633301, 0.8934565782546997, 0.8846203684806824, 0.8827157020568848, 0.8814056515693665, 0.8800957798957825, 0.8787851333618164, 0.8774741291999817, 0.8784327507019043, 0.8909260034561157, 0.9038313627243042], "PuntosY": [-0.045114267617464066, -0.03712231293320656, -0.029330365359783173, -0.021730104461312294, -0.014401177875697613, -0.007190014235675335, -2.9805960366502404e-08, 0.007169502787292004, 0.01431979425251484, 0.021451756358146667, 0.02866855077445507, 0.03622682765126228, 0.04395924136042595, 0.05186987295746803, 0.1068829745054245, 0.11307413130998611, 0.12001422047615051, 0.12683065235614777, 0.1335279494524002, 0.140110045671463, 0.14771586656570435, 0.1554156094789505, 0.16311603784561157, 0.170818492770195, 0.17852407693862915, 0.1867167055606842, 0.19751353561878204, 0.20866580307483673]}
{"Iteracion": 1, "PuntosX": [0.8611131310462952, 0.8505182862281799, 0.8401886820793152, 0.830112636089325, 0.8253281116485596, 0.8241886496543884, 0.8230119347572327, 0.8218384981155396, 0.8206684589385986, 0.8195009231567383, 0.8212862014770508, 0.8300616145133972, 0.8391284942626953, 0.8484044075012207, 0.9380635619163513, 0.9211450815200806, 0.9118267297744751, 0.9026740789413452, 0.8936815857887268, 0.8848437070846558, 0.8830015063285828, 0.881691038608551, 0.8803809285163879, 0.8790699243545532, 0.8777588605880737, 0.8788571357727051, 0.891357421875, 0.904269814491272], "PuntosY": [-0.04512903839349747, -0.03713444247841835, -0.0293399840593338, -0.021737176924943924, -0.014406162314116955, -0.00719253858551383, 4.660250851884484e-08, 0.007172104436904192, 0.014324876479804516, 0.021459383890032768, 0.02868000604212284, 0.036241356283426285, 0.043976880609989166, 0.051890745759010315, 0.10687889903783798, 0.11310245096683502, 0.12004433572292328, 0.12686264514923096, 0.1335616260766983, 0.14014549553394318, 0.14776377379894257, 0.15546593070030212, 0.1631689965724945, 0.17087389528751373, 0.1785820722579956, 0.18680693209171295, 0.19760926067829132, 0.2087671309709549]}
{"Iteraciones totales": 2}
